ra_mdeg,dec_mdeg,vmag_centi,bv_milli,hip,name_offset
0,0,-2670,656,0,0
101287,-16716,-144,9,32349,4
95988,-52696,-62,164,30438,11
213915,19182,-5,1239,69673,19
219911,-60834,-1,710,71683,28
279235,38784,3,-1,91262,44
79172,45998,8,795,24608,49
78634,-8202,18,-30,24436,57
114825,5225,40,432,37279,63
24428,-57237,45,-158,7588,71
88793,7407,45,1500,27989,80
210956,-60373,61,-231,68702,91
297696,8868,76,221,97649,97
186650,-63099,77,-243,60718,104
68980,16509,87,1538,21421,110
79169,46001,96,650,0,4294967295
201298,-11161,98,-235,65474,120
247352,-26432,106,1865,80763,126
116329,28026,116,991,37826,134
344413,-29622,117,145,113368,141
191930,-59689,125,-238,62434,151
310358,45280,125,92,102098,158
219905,-60838,135,900,71681,164
152093,11967,136,-87,49669,172
104656,-28972,150,-211,33579,180
113650,31888,158,34,36850,187
187791,-57113,159,1600,61084,194
263402,-37104,162,-231,85927,201
81283,6350,164,-224,25336,208
81573,28607,165,-130,25428,218
138301,-69717,167,70,45238,225
84053,-1202,169,-184,26311,237
332058,-46961,173,-70,109268,245
85190,-1943,174,-199,26727,252
122383,-47337,175,-145,39953,260
193507,55960,176,-22,62956,268
51081,49861,179,481,15863,275
276043,-34385,179,-31,90185,282
165932,61751,181,1061,54061,297
107098,-26393,183,671,34444,303
206885,49313,185,-99,67301,309
125629,-59509,186,1196,41037,316
264330,-42998,186,406,86228,322
89882,44947,190,77,28360,329
252166,-69028,191,1447,82273,340
99428,16399,193,1,31681,346
131176,-54709,193,43,42913,353
306412,-56735,194,-118,100751,363
37946,89264,197,636,11767,371
95675,-17956,198,-240,30324,379
141897,-8659,199,1440,46390,386
31793,23462,201,1151,9884,394
154993,19841,201,1128,50583,400
10897,-17987,204,1019,3419,408
283816,-26297,205,-134,92855,415
211671,-36370,206,1011,68933,421
2097,29090,207,-38,677,429
17433,35621,207,1576,5447,439
86939,-9670,207,-168,27366,446
222677,74156,207,1465,72607,452
340667,-46885,207,1610,112122,459
263734,12560,208,155,86032,465
47042,40956,209,-3,14576,476
30975,42330,210,1370,9640,482
177265,14572,214,90,57632,489
14177,60717,215,-46,4427,498
190380,-48960,220,-23,61932,502
120896,-40003,221,-269,39429,509
139273,-59275,221,189,45556,514
233672,26715,222,32,76267,524
136999,-43433,223,1665,44816,533
200981,54925,223,57,65378,540
305557,40257,223,673,100453,546
10127,56537,224,1170,3179,551
269152,51489,224,1521,87833,559
83002,-299,225,-175,25930,567
2293,59150,228,380,746,575
204972,-53466,229,-171,66657,580
240083,-22622,229,-117,78401,587
252541,-34293,229,1144,82396,596
220482,-47388,230,-154,71860,604
218877,-42158,233,-157,71352,611
165460,56382,234,33,53910,618
221247,27074,235,966,72105,624
326046,9875,238,1520,107315,629
265622,-39030,239,-171,86670,634
6571,-42306,240,1083,2081,641
178458,53695,241,44,58001,647
257595,-15725,243,59,84012,654
345944,28083,244,1655,113881,660
111024,-29303,245,-83,35904,667
319644,62586,245,257,105199,674
140528,-55011,247,-141,45941,684
311553,33970,248,1021,102488,691
346190,15205,249,-2,113963,699
45570,4090,254,1630,14135,706
249290,-10567,254,38,81377,713
208885,-47288,255,-176,68002,722
168527,20524,256,128,54872,729
241359,-19805,256,-65,78820,735
83183,-17822,258,211,25985,741
182090,-50722,258,-128,59196,747
183952,-17542,258,-107,59803,754
285653,-29880,260,62,93506,761
229252,-9383,261,-71,74785,769
236067,6426,263,1167,77070,784
28660,20808,264,165,8903,794
84912,-34074,265,-120,26634,803
89930,37213,265,-83,28380,809
188597,-23397,265,893,61359,817
21453,60235,266,160,6686,822
208671,18398,268,580,67927,830
224633,-43134,268,-184,73273,838
74248,33166,269,1490,23015,845
161692,-49420,269,901,52727,854
189296,-69136,269,-176,61585,860
262691,-37296,270,-179,85696,867
109286,-37097,271,1616,35264,874
275249,-29828,272,1380,89931,880
296565,10613,272,1507,97278,891
243586,-3694,273,1584,79593,899
245998,61514,273,910,80331,909
160739,-64394,274,-220,52419,918
190415,-1449,274,368,61941,925
83858,-5910,275,-210,26241,933
200149,-36712,275,68,65109,940
222720,-16042,275,147,72622,947
265868,4567,276,1168,86742,961
76962,-5086,278,161,23875,970
247555,21490,278,947,80816,976
258662,14390,278,1164,84345,988
183786,-58749,279,-193,59747,999
262608,52301,279,954,85670,1004
233785,-41167,280,-216,76297,1013
82061,-20759,281,807,25606,1020
250322,31603,281,650,81693,1026
6419,-77254,282,618,2021,1035
248971,-28216,282,-206,81266,1042
276993,-25422,282,1025,90496,1053
3309,15184,283,-190,1067,1067
121886,-24304,283,458,39757,1075
238786,-63431,283,315,77952,1082
58533,31884,284,271,18246,1089
261325,-55530,284,1479,85258,1098
262960,-49876,284,-136,85792,1105
113652,31891,285,650,0,1112
56871,24105,285,-86,17702,1121
195544,10959,285,934,63608,1129
326760,-16127,285,180,107556,1142
29692,-61570,286,290,9236,1155
296244,45131,286,-2,97165,1162
95740,22514,287,1621,30343,1170
229728,-68680,287,14,74946,1176
334626,-60260,287,1390,110130,1183
44565,-40305,288,128,13847,1190
287441,-21024,288,377,94141,1197
111788,8289,289,-97,36188,1206
194007,38318,289,-115,63125,1214
239713,-26114,289,-180,78265,1225
59463,40010,290,-199,18532,1230
245297,-25593,290,299,80112,1239
322890,-5571,290,828,106278,1247
46199,53506,291,716,14328,1257
146776,-65072,292,273,48002,1266
340751,30221,293,852,112158,1273
102484,-50615,294,1207,32768,1279
187466,-16515,294,-12,60965,1286
331446,-320,295,969,109074,1294
59507,-13509,297,1588,18543,1305
84411,21143,297,-148,26451,1312
146463,23774,297,808,47908,1321
271452,-30424,298,981,88635,1342
199730,-23172,299,920,64962,1349
266896,-40127,299,509,87073,1358
286353,13863,299,14,93747,1366
32386,34987,300,140,10064,1371
167416,44498,300,1144,54539,1379
230182,71834,300,58,75097,1388
252968,-38047,300,-200,82514,1396
328482,-37365,300,-84,108085,1407
55731,47788,301,-125,17358,1416
95078,-30063,302,-160,30122,1425
105756,-23833,302,-77,33977,1431
182531,-22620,302,1326,59316,1441
75492,43823,303,537,23416,1449
191570,-68108,304,-178,62322,1456
218020,38308,304,191,71075,1463
292680,27960,305,1088,95947,1471
305253,-14781,305,790,100345,1479
100983,25131,306,1377,32246,1485
155582,41500,306,1603,50801,1493
288138,67662,307,990,94376,1509
274407,-36762,310,1582,89642,1516
133848,5946,311,978,43813,1523
162406,-16194,311,1232,52943,1532
173945,-63020,311,-44,56561,1538
309392,-47292,311,998,101772,1545
87740,-35768,312,1146,27628,1552
134802,48042,312,223,44127,1557
254655,-55990,312,1552,83081,1565
258758,24839,312,80,84379,1572
224790,-42104,313,-208,73334,1578
140264,34393,314,1550,45860,1585
142806,-57034,316,1538,46701,4294967295
258762,36809,316,1437,84380,1594
99440,-43196,317,-103,31685,1602
143216,51677,317,475,46853,1608
257197,65715,317,-120,83895,1617
281414,-26991,317,-107,92041,1626
76629,41234,318,-148,23767,1635
220627,-64975,318,256,71908,1642
72460,6961,319,484,22449,1649
76365,-22371,319,1460,23685,1655
254417,9375,319,1160,83000,1663
267464,-37043,319,1192,87261,1672
318234,30227,321,990,104732,1678
354837,77632,321,1031,116727,1687
230343,-40648,322,-227,75141,1693
244580,-4693,323,966,79882,1700
275328,-2899,323,941,89962,1714
322165,70561,323,-201,106032,1723
102048,-61941,324,225,32607,1730
302826,-821,324,-66,99473,1737
112308,-43301,325,1509,36377,1746
211593,-26682,325,1091,68895,1753
226018,-25282,325,1674,73714,1761
284736,32690,325,-49,93194,1770
56809,-74239,326,1590,17678,1778
9832,30861,327,1268,3092,1785
260502,-25000,327,-186,84970,1794
343663,-15821,327,66,113136,1803
78233,-16205,329,-110,24305,1808
153434,-70038,329,-74,50099,1815
231232,58966,329,1166,75458,1822
68499,-55045,330,-79,21281,1830
158006,-61685,330,-89,51576,4294967295
93719,22507,331,1600,29655,1837
261349,-56378,331,-150,85267,1844
16521,-46718,332,885,5165,1851
46294,38840,332,1528,14354,1858
183856,57033,332,77,59774,1867
258038,-43239,332,441,84143,1874
269757,-9774,332,987,88048,1881
286735,-27670,332,1169,93864,1889
63606,-62474,333,915,19780,1898
168560,15430,333,-3,54879,1905
117324,-24860,334,1218,38170,1913
28599,63670,335,-150,8886,1920
81119,-2397,335,-240,25281,1926
101322,12896,335,443,32362,1935
127566,60718,335,856,41704,1942
291375,3115,336,319,95501,1950
230670,-44690,337,-191,75264,1959
131694,6419,338,685,43109,1966
203673,-596,338,114,66249,1975
83784,9934,339,-160,26207,1980
154271,-61332,339,1541,50371,4294967295
193901,3397,339,1571,63090,1987
332714,58201,339,1558,109492,1997
257592,-15727,340,650,0,4294967295
67166,15871,340,179,20894,2006
22091,-43318,341,1542,6867,2015
60170,12490,341,-99,18724,2022
207376,-41688,341,-225,67464,2031
228071,-52099,341,918,74395,2037
311322,61839,341,912,102422,2044
340365,10831,341,-86,112029,2052
28270,29579,342,488,8796,2058
240031,-38397,342,-206,78384,2068
266615,27721,342,750,86974,2075
311240,-66203,342,163,102395,2083
137742,-58967,343,-190,45080,4294967295
154173,23417,343,307,50335,2090
286562,-4883,343,-96,93805,2099
154274,42914,345,29,50372,2108
12274,57815,346,587,3821,2123
17147,-10182,346,1161,5364,2130
119195,-52982,346,-177,38827,2139
228876,33315,346,961,74666,2146
40825,3236,347,93,12706,2155
207404,-42474,347,-170,67472,2168
151833,16763,348,-31,49583,2174
250724,38922,348,916,81833,2183
26017,-15937,349,727,8102,2192
105430,-27935,349,1729,33856,2201
169620,33094,349,1400,55219,2214
225487,40391,349,956,73555,2229
276743,-45968,349,-179,90422,2236
342139,-51317,349,83,112623,2243
102460,-32508,350,-116,32759,2250
110031,21982,350,374,35550,2259
342420,66200,350,1053,112724,2265
299689,19492,351,1571,98337,2274
342501,24602,351,933,112748,2283
190413,-1449,352,650,0,2293
55812,-9763,352,915,17378,2302
145288,9892,352,516,47508,2307
149216,-54568,352,-67,48774,2313
282520,33363,352,3,92420,2320
284433,-21107,352,1151,93085,2328
332550,6198,352,86,109427,2337
67154,19180,353,1014,20889,2343
124129,9186,353,1481,40526,2347
173251,-31858,354,947,56343,2352
237405,-3430,354,-36,77516,2358
264397,-15399,354,262,86263,2366
64474,-33798,355,-108,20042,2374
86739,-14822,355,104,27288,2384
214851,-46058,355,-184,69996,2393
275261,72733,355,489,89937,2400
302177,-66182,355,751,99240,2409
4857,-8824,356,1214,1562,2416
34127,-51512,356,-120,10602,2424
169835,-14779,356,1112,55282,2431
253084,-38018,356,-210,82545,2440
116112,24398,357,932,37740,2449
135906,47157,357,7,44471,2458
217958,30371,357,1298,71053,2468
230452,-36261,357,1534,75177,2477
109523,16540,358,106,35350,2485
304514,-12545,358,883,100064,2494
24498,48628,359,1275,7607,2501
79402,-6844,359,-115,24674,2508
86116,-22448,359,481,27072,2517
177674,1765,359,518,57757,2526
185340,-60401,359,1389,60260,2535
21006,-8183,360,1065,6537,2541
103197,33961,360,102,33018,2550
130073,-52922,360,-168,42536,4294967295
142675,-40467,360,371,46651,2559
234256,-28135,360,1361,76470,2566
262775,-60684,360,-104,85727,2575
42496,27261,361,-100,13209,2582
51203,9029,361,887,15900,2590
152647,-12354,361,1007,49841,2598
195566,-71549,361,1190,63613,2607
266433,-64724,361,1161,86929,2614
22871,15346,362,974,7097,2621
57291,24053,362,-70,17847,2629
116314,-37969,362,1706,37819,4294967295
253646,-42361,362,1393,82729,2635
345480,42326,362,-99,113726,2643
176402,-66729,363,160,57363,2651
309387,14595,364,425,101769,2658
64948,15628,365,981,20205,2666
142882,63062,365,360,46733,2679
236547,15422,365,73,77233,2685
271658,-50091,365,-101,88714,2694
337208,-20,365,406,110960,2701
231957,29106,366,319,75695,2711
234664,-29778,366,-177,76600,2719
211097,64376,367,-49,68756,2728
313702,-58454,367,1250,103227,2735
72802,5605,368,-157,22549,2742
130898,-33186,368,-180,42828,2750
296847,18534,368,1313,97365,2757
347362,-21172,368,1202,114341,2765
9243,53897,369,-196,2920,2771
28988,-51609,369,844,9007,2776
75620,41076,369,1154,23453,2783
146312,-62508,369,1010,47854,4294967295
176513,47779,369,1181,57399,2793
325023,-16662,369,320,106985,2805
49879,-21758,370,1614,15474,2813
269441,29248,370,935,87933,2823
349291,3282,370,916,114971,2831
73563,2441,371,-179,22797,2839
89101,-14168,371,337,28103,2847
118054,-40576,371,1012,38414,4294967295
237704,4478,371,147,77622,2856
271837,9564,371,159,88771,2865
298828,6407,371,855,98036,2871
53233,-9458,372,881,16537,2879
56219,24113,372,-105,17499,2883
89882,54285,372,1010,28358,2891
316233,43928,372,1609,104060,2900
51792,9733,373,-82,16083,2908
221562,1893,373,-5,72220,2915
268382,56873,373,1177,87585,2922
325369,-77390,373,1008,107089,2930
343154,-7580,373,1626,112961,2936
27865,-10335,374,1136,8645,2945
245480,19153,374,299,80170,2958
318698,38045,374,393,104887,2967
136039,-47098,375,1174,44511,4294967295
266973,2707,375,43,87108,2976
83406,-62490,376,640,26069,2985
87830,-20879,376,984,27654,2992
97204,-7033,376,-113,30867,3001
286171,-21741,376,1012,93683,3010
292426,51730,376,148,95853,3019
337823,50282,376,31,111169,3029
42674,55895,377,1690,13268,3037
56298,42579,377,425,17529,3043
65734,17543,377,983,20455,3051
84687,-2600,377,-190,26549,3066
126434,-66137,377,1132,41312,3075
130157,-46649,377,670,42570,4294967295
252446,-59041,377,1562,82363,3082
309910,15912,377,-57,101958,3089
321667,-22411,377,1002,105881,3098
331753,25345,377,435,109176,3107
107187,-70499,378,1006,34481,3116
111432,27798,378,1024,36046,3124
147748,59039,378,291,48319,3133
163373,-58853,378,945,53253,4294967295
220287,13728,378,44,71795,3142
311919,-9496,378,0,102618,3151
47374,44858,379,980,14668,3158
163328,34215,379,1040,53229,3164
48019,-28988,380,543,14879,3174
114708,-26804,380,-159,37229,4294967295
233701,10539,380,268,76276,3180
289276,53368,380,950,94779,3189
303408,46741,380,1270,99675,3197
68888,-30562,381,957,21393,3203
156970,-58739,381,317,51232,4294967295
235686,26296,381,20,76952,3211
354391,46458,381,984,116584,3219
30512,2764,382,24,9487,3228
139711,36803,382,66,45688,3237
172851,69331,382,1613,56211,3243
247728,1984,382,22,80883,3251
264866,46006,382,-179,86414,3258
156523,-16836,383,1456,51069,3267
209568,-42101,383,-224,68245,3275
221966,-79045,383,1433,72370,3282
56049,-64807,384,1133,17440,3289
56080,32288,384,22,17448,3296
67144,15962,384,952,20885,3301
133762,-60645,384,-104,43783,4294967295
158203,9307,384,-148,51624,3311
159326,-48226,384,300,51986,4294967295
188117,-72133,384,-157,61199,3320
271886,28762,384,-18,88794,3327
273441,-21059,384,195,89341,3337
297043,70268,384,888,97433,3343
63500,-42294,385,1085,19747,3352
86821,-51067,385,171,27321,3359
95528,-33436,385,858,30277,3366
153684,-42122,385,51,50191,4294967295
188371,69788,385,-116,61281,3373
189426,-48541,385,49,61622,3381
239113,15662,385,478,78072,3388
275925,21770,385,1168,90139,3397
278802,-8244,385,1317,91117,3404
14188,38499,386,130,4436,3411
69545,-14304,386,1082,21594,3419
82803,-35471,386,1130,25859,3428
243859,-63686,386,1105,79664,3435
248364,-78897,386,923,81065,3442
269063,37251,386,1350,87808,3449
335414,-1387,386,-57,110395,3458
56457,24368,387,-63,17573,3468
131507,-46042,387,15,43023,4294967295
209670,-44804,387,-208,68282,3473
220765,-5658,387,385,71957,3481
239221,-29214,387,-199,78104,3490
298118,1006,387,630,97804,3496
2353,-45747,388,1013,765,3505
28383,19294,388,-47,8832,3512
148191,26007,388,1222,48455,3522
227984,-48738,388,-29,74376,3530
347590,-45247,388,998,114421,3538
44107,-8898,389,1088,13701,3545
103533,-24184,389,1740,33152,3550
138591,2314,389,-60,45336,3560
184976,-667,389,26,60129,3569
299077,35083,389,1019,98110,3576
144964,-1143,390,1313,47431,3585
170252,-54491,390,-157,55425,3591
202761,-39407,390,1186,65936,4294967295
60789,5989,391,32,18907,3597
126415,-3906,391,-12,41307,4294967295
187010,-50231,391,-192,60823,3605
226280,-47051,391,-144,73807,3612
233882,-14790,391,1007,76333,3618
244935,46313,391,-151,79992,3633
255072,30926,392,-18,83207,3642
290418,-17847,392,228,95168,3651
318956,5248,392,549,104987,3661
6551,-43680,393,175,2072,3670
22813,-49073,393,972,7083,3677
43564,52762,393,758,13531,3684
69080,-3352,393,-210,21444,3693
115455,-72606,393,1033,37504,3701
167147,-58975,393,1225,54463,4294967295
241702,-20669,393,-46,78933,3708
270161,2932,393,29,88192,3717
17096,-55246,394,-120,5348,3723
115312,-9551,394,1022,37447,3730
115952,-28955,394,160,37677,3739
131171,18154,394,1083,42911,3744
314293,41167,394,27,103413,3762
200985,54920,395,130,0,3770
30859,72421,395,-2,9598,3779
99171,-19256,395,1037,31592,3785
62165,47713,396,-25,19343,3793
89787,-42815,396,1146,28328,3799
135160,41783,396,463,44248,4294967295
137820,-62317,396,-180,45101,4294967295
290660,-44459,396,-85,95241,3806
290972,-40616,396,-105,95347,3818
303868,47714,396,1451,99848,3825
350743,-20101,396,1082,115438,3831
66009,-34017,397,1468,20535,3837
87872,39148,397,1132,27673,3844
109208,-67957,397,760,35228,3852
130026,-35308,397,936,42515,3859
182913,-52368,397,-156,59449,3866
237740,-33627,397,-45,77634,3873
300148,-72911,397,-32,98495,3881
337317,-43496,397,1022,110997,3888
341633,23566,397,1070,112440,3896
59741,35791,398,16,18614,3905
323495,45592,398,885,106481,3912
30001,-21078,399,1554,9347,3921
93714,-6275,399,1319,29651,3930
156099,-74032,399,369,50954,4294967295
201306,54988,399,169,65477,3938
349357,-58236,399,410,114996,3944
135612,-66396,400,145,44382,3951
170981,10530,400,423,55642,3958
242999,-19461,400,76,79374,3967
