5731,5743,7345,362,"","86Zet Psc",Revati B,1.22924,7.578261,93.985,154.42,-47.11,11.0,6.44,1.575,F7V,0.492,88.381439,29.46675,12.394783,-0.00000899,0.00007117,-0.00001979,0.3218143416812483,0.132265609537415,0.0000007486492855,-0.000000228395724,Zet,"86",Psc,1,5731,"",20.417379446695286,"",,
62921,63121,112412,4914,"","12Alp1CVn",Cor Caroli B,12.933468,38.314912,36.9004,-203.89,88.34,-3.0,5.61,2.775,F0V,0.337,-28.092342,-7.005189,22.877614,0.00000302,0.00003834,0.0000105,3.3859740037421338,0.6687213734885437,-0.0000009884866133,0.000000428284405,Alp-1,"12",CVn,1,62921,"",6.760829753919817,"",,
75187,75415,137392,5734,GJ 3904B,"51Mu 2Boo",Alkalurops B,15.40858,37.3473,36.062,-140.95,84.97,-8.6,6.51,3.725,G1V,0.6,-17.991461,-22.319858,21.876782,-0.00000914,0.00002792,0.00000647,4.033956771732276,0.65183334852911,-0.0000006833448827,0.000000411946184,Mu-2,"51",Boo,2,75187,GJ 3904,2.818382931264453,"",,
78581,78821,144218,5985,"","8Bet2Sco",Acrab B,16.09071,-19.80186,122.1001,-34.59,-7.47,-4.0,4.9,-0.534,B2V,-0.024,-55.06152,-100.825111,-41.363651,-0.00001541,0.00001451,-0.00000277,4.212537952650794,-0.3456076548863337,-0.0000001676970521,-0.000000036215581,Bet-2,"8",Sco,1,78581,"",142.42951649732905,"",,
78805,79045,145000,6009,"","7Kap Her",Marsic B,16.13471,17.054382,645.1613,-20.63,-29.4,38.0,6.25,-2.798,K1III,1.14,-289.369888,-544.699215,189.212514,-0.00008706,-0.00002636,-0.00007651,4.224057316850705,0.2976551098168075,-0.0000001000170623,-0.000000142535222,Kap,"7",Her,1,78805,"",1146.040591136603,"",,
86353,86620,162004,6637,Gl 694.1B,"31Psi1Dra",Dziban B,17.699461,72.156911,23.0627,34.97,-273.61,-10.9,5.81,3.995,G0V,0.53,-0.555414,-7.044781,21.953273,0.00000188,-0.00002593,-0.00001998,4.633707989469261,1.2593756711362787,0.0000001695393441,-0.000001326498711,Psi-1,"31",Dra,2,86347,Gl 694.1,2.197859872784824,"",,
92659,92951,175639,7142,"","63The2Ser",Alya B,18.937401,4.202132,51.9481,52.42,31.17,-53.0,4.98,1.402,A5Vn,0.204,12.587009,-50.255684,3.806479,-0.00000047,0.0000562,0.00000386,4.957799969719149,0.07334104726870999,0.0000002541393313,0.000000151116424,The-2,"63",Ser,1,92659,"",23.9441817286338,"",,
95652,95951,183914,7418,"","6Bet2Cyg",Albireo B,19.51261,27.965276,122.549,-1.95,-0.98,-18.0,5.12,-0.322,B8V,-0.095,41.751189,-99.862557,57.467608,-0.00000724,0.0000143,-0.00000915,5.108389313278665,0.48808615042722747,-0.0000000094538668,-0.000000004751174,Bet-2,"6",Cyg,1,95652,"",117.16556739113025,"",,
118485,,60178,2890,Gl 278B,"66Alp Gem",Castor B,7.576827,31.89052,15.8053,-162.69,-98.14,-1.2,2.85,1.856,A m,,-5.383676,12.292323,8.349873,0.00001024,0.00000769,-0.00000703,1.9836087168311551,0.5565945679503,-0.0000007887433769,-0.000000475800994,Alp,"66",Gem,2,36744,Gl 278,15.761589049638374,"",,
118743,,98230,4374,Gl 423B,"53Xi  UMa",Alula Australis B,11.303118,31.528783,10.4167,-425.24,-581.01,-13.6,4.8,4.711,G0 Ve,,-8.730989,1.610983,5.446808,0.00000046,0.00002175,-0.00003228,2.9591494159152405,0.55028106395935,-0.0000020616216952,-0.000002816820813,Xi,"53",UMa,2,118742,Gl 423,1.1365799747501515,"",,
119135,,155886,6402,Gl 663B,"36    Oph",Guniibuu B,17.255734,-26.603215,5.9852,-492.43,-1127.13,0.5,5.07,6.185,K1 Ve,0.85,-1.036233,-5.250282,-2.680239,-0.00001127,0.00001668,-0.00002947,4.517540537599642,-0.46431369405225004,-0.0000023873680072,-0.000005464461045,"","36",Oph,2,84147,Gl 663,0.29241523778433354,"",,
