issue,canonicalId,obligationId,basis,residualClass,priority,nodeIds,acceptanceEvidence,closureGate,specification
2,R0002,2.13,audit-residual,docs,P2,R0002-DOC,evidence/R0002/docs/review.json + docs/patch.diff,CLOSE-R0002,REMAINING_RLGWOs/R0002.md
2,R0002,2.14,audit-residual,evidence,P1,R0002-EVIDENCE,evidence/R0002/browser/ingress-recovery/trace.json + loading.png + unavailable.png + first-recovered.png | evidence/R0002/browser/cache-recovery/trace.json + first-current.png | evidence/R0002/browser/optional-date/trace.json + footer.png + disclosure.png | evidence/R0002/browser/positive-controls/trace.json + ordinary.png + tromso-summer.png + tromso-winter.png | evidence/R0002/qualification/preservation.json + regression/card.png + regression/moon.png + regression/live30s.webm,CLOSE-R0002,REMAINING_RLGWOs/R0002.md
2,R0002,2.15,audit-residual,qualification,P1,R0002-QUALIFICATION | R0002-DELIVERY,evidence/R0002/qualification/closure-certificate.json + qualification/review.md | evidence/R0002/delivery/source-docs-readback.json + delivery/comment-readback.json,CLOSE-R0002,REMAINING_RLGWOs/R0002.md
3,R0003,3.15,audit-residual,evidence,P1,R0003-EVIDENCE,evidence/R0003/browser/prayer-settings-race/trace.json + settings.png + b-first.png + after-a.png | evidence/R0003/browser/identity-controls/trace.json + winner.png + mutant-failure.json | evidence/R0003/browser/weather-settings-race/trace.json + header-before.png + header-after.png | evidence/R0003/browser/hourly-zone/trace.json + header.png | evidence/R0003/browser/radar-settings-race/trace.json + native-image-receipts.json + after-a.png + after-b.png | evidence/R0003/browser/winner-reload/trace.json + reloaded.png | evidence/R0003/qualification/preservation.json + regression/card.png + regression/moon.png + regression/live30s.webm,CLOSE-R0003,REMAINING_RLGWOs/R0003.md
3,R0003,3.16,audit-residual,qualification,P1,R0003-QUALIFICATION | R0003-DELIVERY,evidence/R0003/qualification/closure-certificate.json + qualification/review.md | evidence/R0003/delivery/source-docs-readback.json + delivery/comment-readback.json,CLOSE-R0003,REMAINING_RLGWOs/R0003.md
4,R0004,4.13,audit-residual,docs,P2,R0004-DOC,evidence/R0004/docs/review.json + docs/patch.diff,CLOSE-R0004,REMAINING_RLGWOs/R0004.md
4,R0004,4.14,audit-residual,evidence,P1,R0004-EVIDENCE,evidence/R0004/browser/omitted-zone22/trace.json + loading.png + zone-known.png + first-current.png | evidence/R0004/browser/legacy-cache/trace.json + current-cache-first.png + wrong-cache-unavailable.png + storage-before-after.json | evidence/R0004/browser/boot-controls/trace.json + explicit-first.png + same-day-first.png + corrupt-first.png | evidence/R0004/browser/held-correction/trace.json + after-release.png | evidence/R0004/qualification/preservation.json + regression/card.png + regression/moon.png + regression/live30s.webm,CLOSE-R0004,REMAINING_RLGWOs/R0004.md
4,R0004,4.15,audit-residual,qualification,P1,R0004-QUALIFICATION | R0004-DELIVERY,evidence/R0004/qualification/closure-certificate.json + qualification/review.md | evidence/R0004/delivery/source-docs-readback.json + delivery/comment-readback.json,CLOSE-R0004,REMAINING_RLGWOs/R0004.md
6,R0006,6.13,audit-residual,docs,P2,R0006-DOC,evidence/R0006/docs/review.json + docs/patch.diff,CLOSE-R0006,REMAINING_RLGWOs/R0006.md
6,R0006,6.15,audit-residual,evidence,P1,R0006-EVIDENCE,evidence/R0006/browser/cold-body-recovery/trace.json + loading.png + unavailable.png + first-recovered.png + timers.json | evidence/R0006/browser/hidden-resume/trace.json + hidden-state.json + first-resumed-recovered.png | evidence/R0006/browser/liveness-controls/trace.json + cache-current.png + third-success.png | evidence/R0006/qualification/preservation.json + regression/card.png + regression/moon.png + regression/live30s.webm,CLOSE-R0006,REMAINING_RLGWOs/R0006.md
6,R0006,6.16,audit-residual,qualification,P1,R0006-QUALIFICATION | R0006-DELIVERY,evidence/R0006/qualification/closure-certificate.json + qualification/review.md | evidence/R0006/delivery/source-docs-readback.json + delivery/comment-readback.json,CLOSE-R0006,REMAINING_RLGWOs/R0006.md
7,R0007,7.12,audit-residual,evidence,P1,R0007-EVIDENCE,evidence/R0007/browser/arc-control/trace.json + original-arc.png + wall-mutant-arc.png + original-vs-variant.svg | evidence/R0007/qualification/preservation.json + regression/card.png + regression/moon.png + regression/live30s.webm,CLOSE-R0007,REMAINING_RLGWOs/R0007.md
7,R0007,7.14,audit-residual,docs,P2,R0007-DOC,evidence/R0007/docs/review.json + docs/patch.diff,CLOSE-R0007,REMAINING_RLGWOs/R0007.md
7,R0007,7.15,audit-residual,evidence,P1,R0007-EVIDENCE,evidence/R0007/browser/dst-endpoints/trace.json + spring150-card.png + spring150-arc.png + fall270.png + ordinary210.png | evidence/R0007/browser/overnight-recovery/trace.json + unavailable.png + wrong-gap-fold.png + first-recovered24.png + first-recovered12.png | evidence/R0007/browser/boundary-controls/reuse-and-mutation-review.json | evidence/R0007/qualification/preservation.json + regression/card.png + regression/moon.png + regression/live30s.webm,CLOSE-R0007,REMAINING_RLGWOs/R0007.md
7,R0007,7.16,audit-residual,qualification,P1,R0007-QUALIFICATION | R0007-DELIVERY,evidence/R0007/qualification/closure-certificate.json + qualification/review.md | evidence/R0007/delivery/source-docs-readback.json + delivery/comment-readback.json,CLOSE-R0007,REMAINING_RLGWOs/R0007.md
8,R0008,R0008-O08,audit-residual,evidence,P1,R0008-WEATHER,evidence/R0008/native/captured-zone.json,CLOSE-R0008,REMAINING_RLGWOs/R0008.md
8,R0008,R0008-O09,audit-residual,evidence,P1,R0008-WEATHER,evidence/R0008/native/current-track.json,CLOSE-R0008,REMAINING_RLGWOs/R0008.md
8,R0008,R0008-O12,audit-residual,evidence,P1,R0008-NATIVE,evidence/R0008/native/scenes.json,CLOSE-R0008,REMAINING_RLGWOs/R0008.md
8,R0008,R0008-O13,audit-residual,evidence,P1,R0008-NATIVE,evidence/R0008/native/profiles.json,CLOSE-R0008,REMAINING_RLGWOs/R0008.md
8,R0008,R0008-O14,audit-residual,evidence,P1,R0008-NATIVE,evidence/R0008/regression/reuse-and-crops.json,CLOSE-R0008,REMAINING_RLGWOs/R0008.md
8,R0008,R0008-O15,audit-residual,documentation,P2,R0008-DOCS,evidence/R0008/docs/facts-review.json,CLOSE-R0008,REMAINING_RLGWOs/R0008.md
8,R0008,R0008-O16,audit-residual,qualification,P1,R0008-QUALIFY,evidence/R0008/closure-certificate.json,CLOSE-R0008,REMAINING_RLGWOs/R0008.md
11,R000B,B04,audit-residual,evidence,P2,R000B-EVIDENCE,evidence/R000B/R000B-A01/receipt.json,CLOSE-R000B,REMAINING_RLGWOs/R000B.md
11,R000B,B13,audit-residual,evidence,P2,R000B-EVIDENCE,evidence/R000B/R000B-A02/receipt.json,CLOSE-R000B,REMAINING_RLGWOs/R000B.md
11,R000B,B14,audit-residual,evidence,P1,R000B-EVIDENCE,evidence/R000B/R000B-A03/receipt.json,CLOSE-R000B,REMAINING_RLGWOs/R000B.md
11,R000B,B16,audit-residual,evidence,P1,R000B-NATIVE,evidence/R000B/R000B-A04/receipt.json,CLOSE-R000B,REMAINING_RLGWOs/R000B.md
11,R000B,B17,audit-residual,docs,P2,R000B-DOCS,evidence/R000B/R000B-A05/receipt.json,CLOSE-R000B,REMAINING_RLGWOs/R000B.md
11,R000B,B18,audit-residual,qualification,P1,R000B-QUALIFY | CLOSE-R000B,evidence/R000B/R000B-A06/receipt.json,CLOSE-R000B,REMAINING_RLGWOs/R000B.md
12,R000C,C14,audit-residual,evidence,P1,R000C-EVIDENCE,evidence/R000C/R000C-A01/receipt.json,CLOSE-R000C,REMAINING_RLGWOs/R000C.md
12,R000C,C15,audit-residual,evidence,P1,R000C-NATIVE,evidence/R000C/R000C-A02/receipt.json,CLOSE-R000C,REMAINING_RLGWOs/R000C.md
12,R000C,C16,audit-residual,evidence,P1,R000C-NATIVE,evidence/R000C/R000C-A03/receipt.json,CLOSE-R000C,REMAINING_RLGWOs/R000C.md
12,R000C,C17,audit-residual,docs,P2,R000C-DOCS,evidence/R000C/R000C-A04/receipt.json,CLOSE-R000C,REMAINING_RLGWOs/R000C.md
12,R000C,C18,audit-residual,qualification,P1,R000C-QUALIFY | CLOSE-R000C,evidence/R000C/R000C-A05/receipt.json,CLOSE-R000C,REMAINING_RLGWOs/R000C.md
13,R000D,D11,audit-residual,evidence,P1,R000D-EVIDENCE,evidence/R000D/R000D-A01/receipt.json,CLOSE-R000D,REMAINING_RLGWOs/R000D.md
13,R000D,D12,audit-residual,evidence,P1,R000D-NATIVE,evidence/R000D/R000D-A02/receipt.json | evidence/R000D/R000D-A03/receipt.json,CLOSE-R000D,REMAINING_RLGWOs/R000D.md
13,R000D,D13,audit-residual,evidence,P2,R000D-NATIVE,evidence/R000D/R000D-A04/receipt.json,CLOSE-R000D,REMAINING_RLGWOs/R000D.md
13,R000D,D14,audit-residual,docs,P2,R000D-DOCS,evidence/R000D/R000D-A05/receipt.json,CLOSE-R000D,REMAINING_RLGWOs/R000D.md
13,R000D,D15,audit-residual,qualification,P1,R000D-QUALIFY | CLOSE-R000D,evidence/R000D/R000D-A06/receipt.json,CLOSE-R000D,REMAINING_RLGWOs/R000D.md
16,R0010,R0010-O09,audit-residual,docs,P2,R0010-DOC,evidence/R0010/documentation.json,CLOSE-R0010,REMAINING_RLGWOs/R0010.md
16,R0010,R0010-O12,audit-residual,evidence,P2,R0010-EVIDENCE | R0010-QUALIFY,evidence/R0010/fresh-pairs.json | evidence/R0010/saved-reload.json | evidence/R0010/prefer-local.json | evidence/R0010/native-discriminators.json,CLOSE-R0010,REMAINING_RLGWOs/R0010.md
17,R0011,R0011-O15,audit-residual,evidence,P1,R0011-EVIDENCE | R0011-QUALIFY,evidence/R0011/save-denied.json | evidence/R0011/reset-denied.json | evidence/R0011/read-failure-recovery.json | evidence/R0011/success-reset-recovery.json | evidence/R0011/native-discriminators.json,CLOSE-R0011,REMAINING_RLGWOs/R0011.md
17,R0011,R0011-O16,audit-residual,evidence,P1,R0011-EVIDENCE | R0011-QUALIFY,evidence/R0011/warning-accessibility.json,CLOSE-R0011,REMAINING_RLGWOs/R0011.md
17,R0011,R0011-O17,audit-residual,docs,P2,R0011-DOC,evidence/R0011/documentation.json,CLOSE-R0011,REMAINING_RLGWOs/R0011.md
19,R0013,19-05,audit-residual,platform-qualification,P1,R0013-PLATFORM | R0013-FIXTURE | R0013-DETECTOR | R0013-MAC-LAUNCH | R0013-DOCS | R0013-QUALIFY,evidence/R0013/apple-detector/results.json | evidence/R0013/modern-detector/results.json | evidence/R0013/apple-terminal/results.json | evidence/R0013/detector-mutants/results.json | evidence/R0013/docs/profile-limitation.md,CLOSE-R0013,REMAINING_RLGWOs/R0013.md
19,R0013,19-09,audit-residual,documentation,P2,R0013-DOCS | R0013-QUALIFY | R0013-DELIVER,evidence/R0013/docs/install-guidance.json | evidence/R0013/delivery/readback.json,CLOSE-R0013,REMAINING_RLGWOs/R0013.md
20,R0014,20-08,audit-residual,documentation,P2,R0014-DOCS | R0014-QUALIFY | R0014-DELIVER,evidence/R0014/docs/windows-guidance.json | evidence/R0014/delivery/readback.json,CLOSE-R0014,REMAINING_RLGWOs/R0014.md
21,R0015,21-03,audit-residual,platform-qualification,P1,R0015-MAC-STAGING | R0015-QUALIFY,evidence/R0015/apple-staging/roots.json | evidence/R0015/apple-staging/outputs.json | evidence/R0015/apple-staging/lifetime.json | evidence/R0015/apple-staging/mutants.json,CLOSE-R0015,REMAINING_RLGWOs/R0015.md
21,R0015,21-05,audit-residual,evidence,P1,R0015-UID-FIXTURE | R0015-PARENT-ADMISSION | R0015-QUALIFY,evidence/R0015/parent-admission/negative.json | evidence/R0015/parent-admission/positive.json | evidence/R0015/parent-admission/mutant.json,CLOSE-R0015,REMAINING_RLGWOs/R0015.md
21,R0015,21-15,audit-residual,documentation,P2,R0015-DOCS | R0015-QUALIFY | R0015-DELIVER,evidence/R0015/docs/lifetime-review.json | evidence/R0015/delivery/readback.json,CLOSE-R0015,REMAINING_RLGWOs/R0015.md
22,R0016,22-09,audit-residual,platform-qualification,P1,R0016-MAC-ENTRY | R0016-QUALIFY,evidence/R0016/apple-entry/preview.json | evidence/R0016/apple-entry/normal-and-refusal.json | evidence/R0016/apple-entry/mutants.json | evidence/R0016/reuse/native-bindings.json,CLOSE-R0016,REMAINING_RLGWOs/R0016.md
22,R0016,22-12,audit-residual,documentation,P2,R0016-DOCS | R0016-QUALIFY | R0016-DELIVER,evidence/R0016/docs/preview-guidance.json | evidence/R0016/delivery/readback.json,CLOSE-R0016,REMAINING_RLGWOs/R0016.md
23,R0017,17-03,audit-residual,evidence,P1,R0017-NATIVE,evidence/R0017/native/healthy-{engine}-{os}.json,CLOSE-R0017,REMAINING_RLGWOs/R0017.md
23,R0017,17-07,audit-residual,evidence,P1,R0017-NATIVE,evidence/R0017/native/transport-{engine}.json,CLOSE-R0017,REMAINING_RLGWOs/R0017.md
23,R0017,17-08,audit-residual,evidence,P1,R0017-NATIVE,evidence/R0017/native/adverse-{engine}.json,CLOSE-R0017,REMAINING_RLGWOs/R0017.md
23,R0017,17-09,audit-residual,evidence,P1,R0017-NATIVE,evidence/R0017/native/motion-controls-{engine}.json,CLOSE-R0017,REMAINING_RLGWOs/R0017.md
23,R0017,17-10,audit-residual,docs,P2,R0017-DOC | R0017-DELIVER,evidence/R0017/delivery.json,CLOSE-R0017,REMAINING_RLGWOs/R0017.md
23,R0017,17-11,audit-residual,evidence,P1,R0017-REVIEW | R0017-DELIVER,evidence/R0017/review.json,CLOSE-R0017,REMAINING_RLGWOs/R0017.md
24,R0018,18-02,audit-residual,demonstrated-bug,P1,R0018-CSS | R0018-GREEN,evidence/R0018/green/state-opacity.json,CLOSE-R0018,REMAINING_RLGWOs/R0018.md
24,R0018,18-03,audit-residual,demonstrated-bug,P1,R0018-CSS | R0018-GREEN,evidence/R0018/green/intended-contrast.json,CLOSE-R0018,REMAINING_RLGWOs/R0018.md
24,R0018,18-04,audit-residual,evidence,P1,R0018-RED | R0018-GREEN,evidence/R0018/green/noon/{engine}/results.json,CLOSE-R0018,REMAINING_RLGWOs/R0018.md
24,R0018,18-05,audit-residual,evidence,P1,R0018-GREEN,evidence/R0018/green/scenes-and-mutants.json,CLOSE-R0018,REMAINING_RLGWOs/R0018.md
24,R0018,18-06,audit-residual,evidence,P1,R0018-GREEN,evidence/R0018/green/geometry-and-hierarchy.json,CLOSE-R0018,REMAINING_RLGWOs/R0018.md
24,R0018,18-07,audit-residual,docs,P2,R0018-DOC,evidence/R0018/docs/compatibility.json,CLOSE-R0018,REMAINING_RLGWOs/R0018.md
24,R0018,18-08,audit-residual,evidence,P1,R0018-DELIVER,evidence/R0018/delivery.json,CLOSE-R0018,REMAINING_RLGWOs/R0018.md
25,R0019,R0019-O11,audit-residual,evidence,P2,R0019-ACCESS,evidence/R0019/native/keyboard.json,CLOSE-R0019,REMAINING_RLGWOs/R0019.md
25,R0019,R0019-O12,audit-residual,evidence,P2,R0019-ACCESS,evidence/R0019/native/touch-selection.json,CLOSE-R0019,REMAINING_RLGWOs/R0019.md
25,R0019,R0019-O13,audit-residual,evidence,P2,R0019-ACCESS,evidence/R0019/native/formats-fonts.json,CLOSE-R0019,REMAINING_RLGWOs/R0019.md
25,R0019,R0019-O14,audit-residual,evidence,P2,R0019-ACCESS,evidence/R0019/native/transitions-effects.json,CLOSE-R0019,REMAINING_RLGWOs/R0019.md
25,R0019,R0019-O15,audit-residual,evidence,P2,R0019-LAYOUT,evidence/R0019/native/layout-builder.json,CLOSE-R0019,REMAINING_RLGWOs/R0019.md
25,R0019,R0019-O16,audit-residual,conditional-platform-qualification,P2,R0019-ACCESS,evidence/R0019/native/host-compatibility.json,CLOSE-R0019,REMAINING_RLGWOs/R0019.md
25,R0019,R0019-O17,audit-residual,documentation,P2,R0019-DOCS,evidence/R0019/docs/facts-review.json,CLOSE-R0019,REMAINING_RLGWOs/R0019.md
25,R0019,R0019-O18,audit-residual,qualification,P2,R0019-QUALIFY,evidence/R0019/closure-certificate.json,CLOSE-R0019,REMAINING_RLGWOs/R0019.md
27,R001B,27-01,audit-residual,documentation,P2,R001B-DOCS | R001B-QUALIFY,evidence/R001B/docs/introduction-and-table.json,CLOSE-R001B,REMAINING_RLGWOs/R001B.md
27,R001B,27-02,audit-residual,documentation,P2,R001B-DOCS | R001B-QUALIFY,evidence/R001B/docs/27-02-row.json,CLOSE-R001B,REMAINING_RLGWOs/R001B.md
27,R001B,27-03,audit-residual,documentation,P2,R001B-DOCS | R001B-QUALIFY,evidence/R001B/docs/27-03-row.json,CLOSE-R001B,REMAINING_RLGWOs/R001B.md
27,R001B,27-04,audit-residual,documentation,P2,R001B-DOCS | R001B-QUALIFY,evidence/R001B/docs/27-04-row.json,CLOSE-R001B,REMAINING_RLGWOs/R001B.md
27,R001B,27-05,audit-residual,documentation,P2,R001B-DOCS | R001B-QUALIFY,evidence/R001B/docs/27-05-row.json,CLOSE-R001B,REMAINING_RLGWOs/R001B.md
27,R001B,27-06,audit-residual,documentation,P2,R001B-DOCS | R001B-QUALIFY,evidence/R001B/docs/27-06-row.json,CLOSE-R001B,REMAINING_RLGWOs/R001B.md
27,R001B,27-07,audit-residual,documentation,P2,R001B-DOCS | R001B-QUALIFY,evidence/R001B/docs/27-07-row.json,CLOSE-R001B,REMAINING_RLGWOs/R001B.md
27,R001B,27-08,audit-residual,documentation,P2,R001B-DOCS | R001B-QUALIFY,evidence/R001B/docs/27-08-row.json,CLOSE-R001B,REMAINING_RLGWOs/R001B.md
27,R001B,27-09,audit-residual,documentation,P2,R001B-DOCS | R001B-QUALIFY,evidence/R001B/docs/reset-boundary.json,CLOSE-R001B,REMAINING_RLGWOs/R001B.md
27,R001B,27-12,audit-residual,rendered-delivery-evidence,P2,R001B-RENDER | R001B-QUALIFY | R001B-DELIVER,evidence/R001B/rendered/results.json | evidence/R001B/delivery/readback.json,CLOSE-R001B,REMAINING_RLGWOs/R001B.md
28,R001C,28-01,audit-residual,documentation,P2,R001C-DOCS | R001C-QUALIFY,evidence/R001C/docs/literal-inventory.json,CLOSE-R001C,REMAINING_RLGWOs/R001C.md
28,R001C,28-02,audit-residual,documentation,P2,R001C-DOCS | R001C-FORCE-FIXTURE | R001C-QUALIFY,evidence/R001C/docs/force-enum.json,CLOSE-R001C,REMAINING_RLGWOs/R001C.md
28,R001C,28-03,audit-residual,documentation,P2,R001C-DOCS | R001C-QUALIFY,evidence/R001C/docs/complete-recipes.json,CLOSE-R001C,REMAINING_RLGWOs/R001C.md
28,R001C,28-04,audit-residual,documentation,P2,R001C-DOCS | R001C-FORCE-FIXTURE | R001C-QUALIFY,evidence/R001C/docs/freeze-and-physics.json,CLOSE-R001C,REMAINING_RLGWOs/R001C.md
28,R001C,28-05,audit-residual,fixture-coverage,P2,R001C-FORCE-FIXTURE | R001C-QUALIFY,evidence/R001C/parser/results.json | evidence/R001C/force/results.json | evidence/R001C/mutants/results.json,CLOSE-R001C,REMAINING_RLGWOs/R001C.md
28,R001C,28-06,audit-residual,diagnostic-consumer-evidence,P2,R001C-BROWSER | R001C-QUALIFY,evidence/R001C/browser/debug-motion.json | evidence/R001C/browser/reduced-motion.json,CLOSE-R001C,REMAINING_RLGWOs/R001C.md
28,R001C,28-09,audit-residual,rendered-delivery-evidence,P2,R001C-RENDER | R001C-QUALIFY | R001C-DELIVER,evidence/R001C/rendered/results.json | evidence/R001C/delivery/readback.json,CLOSE-R001C,REMAINING_RLGWOs/R001C.md
32,R0020,R0020-O06,audit-residual,evidence,P1,R0020-DAY,evidence/R0020/native/day-ownership.json,CLOSE-R0020,REMAINING_RLGWOs/R0020.md
32,R0020,R0020-O08,audit-residual,evidence,P1,R0020-DAY,evidence/R0020/native/prayer-cooldown.json,CLOSE-R0020,REMAINING_RLGWOs/R0020.md
32,R0020,R0020-O12,audit-residual,evidence,P1,R0020-WALL,evidence/R0020/native/setup-and-consumers.json,CLOSE-R0020,REMAINING_RLGWOs/R0020.md
32,R0020,R0020-O13,audit-residual,evidence,P1,R0020-WALL | R0020-DAY | R0020-QUALIFY,evidence/R0020/native/boundary-modes.json,CLOSE-R0020,REMAINING_RLGWOs/R0020.md
32,R0020,R0020-O14,audit-residual,evidence,P1,R0020-QUALIFY,evidence/R0020/regression/reuse-and-crops.json,CLOSE-R0020,REMAINING_RLGWOs/R0020.md
32,R0020,R0020-O15,audit-residual,documentation,P2,R0020-DOCS,evidence/R0020/docs/facts-review.json,CLOSE-R0020,REMAINING_RLGWOs/R0020.md
32,R0020,R0020-O16,audit-residual,qualification,P1,R0020-QUALIFY,evidence/R0020/closure-certificate.json,CLOSE-R0020,REMAINING_RLGWOs/R0020.md
33,R0021,21-08,audit-residual,evidence,P2,R0021-COST | R0021-DELIVER,evidence/R0021/cost/results.json,CLOSE-R0021,REMAINING_RLGWOs/R0021.md
33,R0021,21-10,audit-residual,demonstrated-bug,P1,R0021-HANDOFF | R0021-TIMING | R0021-PARENT | R0021-QUALIFY | R0021-DELIVER,evidence/R0021/startup/S1-frames.json | evidence/R0021/startup/S2-stars.json | evidence/R0021/startup/S3-moon.json | evidence/R0021/startup/S4-transitions.json | evidence/R0021/startup/S5-recovery.json | evidence/R0021/startup/S6-currentness.json | evidence/R0021/parent/results.json | evidence/R0021/startup/S8-build.json | evidence/R0021/delivery.json | evidence/R0021/startup/S10-l1-consumption.json,CLOSE-R0021,REMAINING_RLGWOs/R0021.md
34,R0022,22-05,audit-residual,evidence,P1,R0022-BALANCE | R0022-DELIVER,evidence/R0022/balance/native-gains.json | evidence/R0022/balance/current-interface-map.json,CLOSE-R0022,REMAINING_RLGWOs/R0022.md
34,R0022,22-08,audit-residual,evidence,P2,R0022-COST | R0022-DELIVER,evidence/R0022/cost/results.json,CLOSE-R0022,REMAINING_RLGWOs/R0022.md
34,R0022,22-L1,explicit-owner-successor,demonstrated-bug,P1,R0022-L1-DISPLAY-CONTRACT | R0022-L1-REPAIR | R0022-L1-QUALIFY | R0022-DELIVER,evidence/R0022/L1/display-contract.json | evidence/R0022/L1/qualification/full-scenes.json | evidence/R0022/L1/qualification/preservation-and-negatives.json,CLOSE-R0022,REMAINING_RLGWOs/R0022.md
35,R0023,R0023-O04,audit-residual,docs,P2,R0023-DOC,evidence/R0023/documentation.json,CLOSE-R0023,REMAINING_RLGWOs/R0023.md
35,R0023,R0023-O18,audit-residual,docs,P2,R0023-DOC,evidence/R0023/documentation-metadata-recipient.json,CLOSE-R0023,REMAINING_RLGWOs/R0023.md
35,R0023,R0023-O21,audit-residual,evidence,P1,R0023-POLICY | R0023-QUALIFY,evidence/R0023/native-permission-matrix.json | evidence/R0023/mock-error-consumers.json,CLOSE-R0023,REMAINING_RLGWOs/R0023.md
35,R0023,R0023-O22,audit-residual,evidence,P1,R0023-METADATA | R0023-QUALIFY,evidence/R0023/metadata-positive-reload-builder.json | evidence/R0023/age-and-cached.json | evidence/R0023/metadata-negative-boundaries.json | evidence/R0023/intent-place-coarse.json | evidence/R0023/legacy-and-denied-save.json | evidence/R0023/native-discriminators.json,CLOSE-R0023,REMAINING_RLGWOs/R0023.md
36,R0024,2419,audit-residual,implementation,P1,R0024-INFO,evidence/R0024/R0024-A01/receipt.json,CLOSE-R0024,REMAINING_RLGWOs/R0024.md
36,R0024,2420,audit-residual,evidence,P1,R0024-NATIVE,evidence/R0024/R0024-A02/receipt.json,CLOSE-R0024,REMAINING_RLGWOs/R0024.md
36,R0024,2421,audit-residual,evidence,P2,R0024-RESOURCE-BASELINE | R0024-RESOURCE,evidence/R0024/R0024-A03/receipt.json,CLOSE-R0024,REMAINING_RLGWOs/R0024.md
36,R0024,2422,audit-residual,docs,P2,R0024-DOCS,evidence/R0024/R0024-A04/receipt.json,CLOSE-R0024,REMAINING_RLGWOs/R0024.md
36,R0024,2425,audit-residual,qualification,P1,R0024-QUALIFY | CLOSE-R0024,evidence/R0024/R0024-A05/receipt.json,CLOSE-R0024,REMAINING_RLGWOs/R0024.md
37,R0025,25-07,audit-residual,evidence,P1,R0025-PIXELS | R0025-REVIEW | R0025-DELIVER,evidence/R0025/pixels/wind-{engine}.json | evidence/R0025/pixels/boundaries-{engine}.json | evidence/R0025/pixels/no-op-and-original-{engine}.json | evidence/R0025/pixels/preservation-and-mutants.json | evidence/R0025/pixels/positive-elapsed-order-{engine}.json,CLOSE-R0025,REMAINING_RLGWOs/R0025.md
37,R0025,25-10,audit-residual,evidence,P2,R0025-COST | R0025-REVIEW | R0025-DELIVER,evidence/R0025/cost/results.json,CLOSE-R0025,REMAINING_RLGWOs/R0025.md
